importance_coverage,cv_score_mean,cv_store_std
0.85,0.0021974440930305206,4.521110652557425e-05
0.9,0.002195272286699663,5.997297125374251e-05
0.95,0.0022039358616843434,5.532143858215984e-05
