cv_score_mean,cv_score_std
0.00321603788401816,0.0003954601444584206
